Tax Year,Municipality,Number of Returns,CT Income Tax,Tax Per Capita
2015,ANDOVER,1498,$5404333.00,$3608.00
2015,ANSONIA,8619,$15276355.00,$1772.00
2015,ASHFORD,2112,$5497095.00,$2603.00
2015,AVON,8361,$85485184.00,$10224.00
2015,BARKHAMSTED,1793,$5961156.00,$3325.00
2015,BEACON FALLS,2820,$8329033.00,$2954.00
2015,BERLIN,10021,$38842493.00,$3876.00
2015,BETHANY,2397,$13537388.00,$5648.00
2015,BETHEL,8657,$26778122.00,$3093.00
2015,BETHLEHEM,1648,$5575338.00,$3383.00
2015,BLOOMFIELD,10750,$35172834.00,$3272.00
2015,BOLTON,2351,$10301795.00,$4382.00
2015,BOZRAH,1194,$3455854.00,$2894.00
2015,BRANFORD,14144,$58571911.00,$4141.00
2015,BRIDGEPORT,59246,$59200924.00,$999.00
2015,BRIDGEWATER,783,$5616521.00,$7173.00
2015,BRISTOL,28518,$64129600.00,$2249.00
2015,BROOKFIELD,7896,$32729473.00,$4145.00
2015,BROOKLYN,3350,$7924397.00,$2365.00
2015,BURLINGTON,4224,$24348800.00,$5764.00
2015,CANAAN,1732,$3468291.00,$2002.00
2015,CANTERBURY,2287,$5237828.00,$2290.00
2015,CANTON,4629,$26369747.00,$5697.00
2015,CHAPLIN,983,$2158328.00,$2196.00
2015,CHESHIRE,12241,$67954800.00,$5551.00
2015,CHESTER,1855,$7575384.00,$4084.00
2015,CLINTON,6241,$23900204.00,$3830.00
2015,COLCHESTER,7449,$26116776.00,$3506.00
2015,COLEBROOK,498,$1554511.00,$3122.00
2015,COLUMBIA,2613,$9267192.00,$3547.00
2015,CORNWALL,736,$2773654.00,$3769.00
2015,COVENTRY,5812,$19654251.00,$3382.00
2015,CROMWELL,7020,$28735102.00,$4093.00
2015,DANBURY,35981,$71453560.00,$1986.00
2015,DARIEN,8261,$199806652.00,$24187.00
2015,DEEP RIVER,2209,$13547950.00,$6133.00
2015,DERBY,5896,$11448191.00,$1942.00
2015,DURHAM,3365,$20531535.00,$6101.00
2015,EASTFORD ,682,$1814291.00,$2660.00
2015,EAST GRANBY ,2472,$9896488.00,$4003.00
2015,EAST HADDAM ,3797,$15305704.00,$4031.00
2015,EAST HAMPTON ,6056,$22418555.00,$3702.00
2015,EAST HARTFORD ,24317,$34986675.00,$1439.00
2015,EAST HAVEN ,13385,$30634133.00,$2289.00
2015,EAST LYME ,8302,$34687768.00,$4178.00
2015,EASTON ,3158,$31800534.00,$10070.00
2015,EAST WINDSOR ,5510,$13136116.00,$2384.00
2015,ELLINGTON,7509,$31746750.00,$4228.00
2015,ENFIELD,19695,$40634279.00,$2063.00
2015,ESSEX,3219,$23507026.00,$7303.00
2015,FAIRFIELD,24037,$200871026.00,$8357.00
2015,FARMINGTON,12017,$81299784.00,$6765.00
2015,FRANKLIN,911,$2617736.00,$2873.00
2015,GLASTONBURY,15681,$112636562.00,$7183.00
2015,GOSHEN,1320,$6329607.00,$4795.00
2015,GRANBY,4976,$26255555.00,$5276.00
2015,GREENWICH,26471,$650278422.00,$24566.00
2015,GRISWOLD,5533,$11169441.00,$2019.00
2015,GROTON,11373,$25656481.00,$2256.00
2015,GUILFORD,9999,$67013872.00,$6702.00
2015,HADDAM,3848,$17147150.00,$4456.00
2015,HAMDEN,25207,$75967233.00,$3014.00
2015,HAMPTON,1093,$2857793.00,$2615.00
2015,HARTFORD,48890,$51036073.00,$1044.00
2015,HARTLAND,816,$2671321.00,$3274.00
2015,HARWINTON,2488,$9840202.00,$3955.00
2015,HEBRON,4173,$19324454.00,$4631.00
2015,KENT,1294,$5041993.00,$3896.00
2015,KILLINGLY,7741,$12277839.00,$1586.00
2015,KILLINGWORTH,2813,$14962345.00,$5319.00
2015,LEBANON,3235,$9555307.00,$2954.00
2015,LEDYARD,6684,$18966430.00,$2838.00
2015,LISBON,1671,$4410340.00,$2639.00
2015,LITCHFIELD,3831,$19492047.00,$5088.00
2015,LYME,926,$9442865.00,$10197.00
2015,MADISON,7963,$61856832.00,$7768.00
2015,MANCHESTER,28179,$72050315.00,$2557.00
2015,MANSFIELD,5415,$23070524.00,$4260.00
2015,MARLBOROUGH,2822,$14070154.00,$4986.00
2015,MERIDEN,27235,$50407193.00,$1851.00
2015,MIDDLEBURY,3339,$21424082.00,$6416.00
2015,MIDDLEFIELD,2040,$7956353.00,$3900.00
2015,MIDDLETOWN,20942,$56008120.00,$2674.00
2015,MILFORD,25635,$118052967.00,$4605.00
2015,MONROE,8743,$42105708.00,$4816.00
2015,MONTVILLE,8319,$18585054.00,$2234.00
2015,MORRIS,1035,$4091300.00,$3953.00
2015,NAUGATUCK,14380,$29765161.00,$2070.00
2015,NEW BRITAIN,31104,$36624164.00,$1177.00
2015,NEW CANAAN,7962,$218726307.00,$27471.00
2015,NEW FAIRFIELD,6097,$20625961.00,$3383.00
2015,NEW HARTFORD,3262,$13084321.00,$4011.00
2015,NEW HAVEN,48740,$89753561.00,$1841.00
2015,NEWINGTON ,15274,$42278963.00,$2768.00
2015,NEW LONDON ,11150,$14208131.00,$1274.00
2015,NEW MILFORD ,12813,$37417012.00,$2920.00
2015,NEWTOWN,11621,$68645347.00,$5907.00
2015,NORFOLK,709,$3138751.00,$4427.00
2015,NORTH BRANFORD,6867,$23407377.00,$3409.00
2015,NORTH CANAAN,361,$633889.00,$1756.00
2015,NORTH HAVEN,11596,$44591181.00,$3845.00
2015,NORTH STONINGTON,2360,$7529450.00,$3190.00
2015,NORWALK,41452,$149474657.00,$3606.00
2015,NORWICH,17587,$26506224.00,$1507.00
2015,OLD LYME,3645,$24035235.00,$6594.00
2015,OLD SAYBROOK,4985,$23230008.00,$4660.00
2015,ORANGE,6502,$36027567.00,$5541.00
2015,OXFORD,5679,$23723023.00,$4177.00
2015,PLAINFIELD,6411,$10209696.00,$1593.00
2015,PLAINVILLE,8721,$20660199.00,$2369.00
2015,PLYMOUTH,5684,$13641566.00,$2400.00
2015,POMFRET,1840,$6215955.00,$3378.00
2015,PORTLAND,4474,$17743342.00,$3966.00
2015,PRESTON,2110,$5543357.00,$2627.00
2015,PROSPECT,4465,$16267046.00,$3643.00
2015,PUTNAM,4010,$5867695.00,$1463.00
2015,REDDING,3873,$38950565.00,$10057.00
2015,RIDGEFIELD,10107,$112915138.00,$11172.00
2015,ROCKY HILL,9653,$35811046.00,$3710.00
2015,ROXBURY,985,$8520971.00,$8651.00
2015,SALEM,1877,$8167548.00,$4351.00
2015,SALISBURY,1618,$7457918.00,$4609.00
2015,SCOTLAND,332,$790791.00,$2382.00
2015,SEYMOUR,7777,$21948975.00,$2822.00
2015,SHARON,1006,$9465210.00,$9409.00
2015,SHELTON,19144,$67798866.00,$3542.00
2015,SHERMAN,1601,$7818459.00,$4883.00
2015,SIMSBURY,10588,$81431034.00,$7691.00
2015,SOMERS,4328,$16559782.00,$3826.00
2015,SOUTHBURY ,8890,$39433542.00,$4436.00
2015,SOUTHINGTON ,20307,$74171095.00,$3652.00
2015,SOUTH WINDSOR ,12133,$53373812.00,$4399.00
2015,SPRAGUE,1499,$3072378.00,$2050.00
2015,STAFFORD,5446,$11948350.00,$2194.00
2015,STAMFORD,60309,$264165119.00,$4380.00
2015,STERLING,1438,$2489927.00,$1732.00
2015,STONINGTON,12536,$51729104.00,$4126.00
2015,STRATFORD,24976,$63238824.00,$2532.00
2015,SUFFIELD,6257,$27804293.00,$4444.00
2015,THOMASTON,3669,$9380075.00,$2557.00
2015,THOMPSON,4188,$5530218.00,$1320.00
2015,TOLLAND,6616,$31849219.00,$4814.00
2015,TORRINGTON,16049,$30244437.00,$1885.00
2015,TRUMBULL,15631,$80399259.00,$5144.00
2015,UNION,274,$854325.00,$3118.00
2015,VERNON,14373,$34786609.00,$2420.00
2015,VOLUNTOWN,1195,$2518580.00,$2108.00
2015,WALLINGFORD,21600,$70425658.00,$3260.00
2015,WARREN,413,$1856528.00,$4495.00
2015,WASHINGTON,1799,$12475157.00,$6934.00
2015,WATERBURY,45988,$54307818.00,$1181.00
2015,WATERFORD,9485,$30581837.00,$3224.00
2015,WATERTOWN,10415,$32521757.00,$3123.00
2015,WESTBROOK ,3206,$12607135.00,$3932.00
2015,WEST HARTFORD ,28342,$174278984.00,$6149.00
2015,WEST HAVEN ,24306,$41420527.00,$1704.00
2015,WESTON,4005,$66758635.00,$16669.00
2015,WESTPORT,11464,$218488472.00,$19059.00
2015,WETHERSFIELD,13025,$45085227.00,$3461.00
2015,WILLINGTON,2646,$8084864.00,$3056.00
2015,WILTON,7374,$104403853.00,$14158.00
2015,WINCHESTER,4944,$9737322.00,$1970.00
2015,WINDHAM,9418,$12590643.00,$1337.00
2015,WINDSOR,14572,$38891913.00,$2669.00
2015,WINDSOR LOCKS,6396,$13589930.00,$2125.00
2015,WOLCOTT,7673,$22458690.00,$2927.00
2015,WOODBRIDGE,4017,$44178917.00,$10998.00
2015,WOODBURY,4640,$22679944.00,$4888.00
2015,WOODSTOCK,3581,$10673207.00,$2981.00
2014,ANDOVER,1495,$5319220.00,$3558.00
2014,ANSONIA,8447,$14032985.00,$1661.00
2014,ASHFORD,2056,$5458707.00,$2655.00
2014,AVON,8350,$78664629.00,$9421.00
2014,BARKHAMSTED,1765,$5544279.00,$3141.00
2014,BEACON FALLS,2827,$7770931.00,$2749.00
2014,BERLIN,9997,$36580567.00,$3659.00
2014,BETHANY,2415,$13232597.00,$5479.00
2014,BETHEL,8554,$25152444.00,$2940.00
2014,BETHLEHEM,1675,$5549479.00,$3313.00
2014,BLOOMFIELD,10639,$34072681.00,$3203.00
2014,BOLTON,2339,$9863474.00,$4217.00
2014,BOZRAH,1192,$3393791.00,$2847.00
2014,BRANFORD,14073,$55936384.00,$3975.00
2014,BRIDGEPORT,58401,$56416179.00,$966.00
2014,BRIDGEWATER,765,$4979155.00,$6509.00
2014,BRISTOL,28030,$61315014.00,$2187.00
2014,BROOKFIELD,7793,$31610830.00,$4056.00
2014,BROOKLYN,3352,$7713738.00,$2301.00
2014,BURLINGTON,4239,$22031703.00,$5197.00
2014,CANAAN,1733,$3263775.00,$1883.00
2014,CANTERBURY,2312,$5024854.00,$2173.00
2014,CANTON,4521,$24992518.00,$5528.00
2014,CHAPLIN,967,$2107788.00,$2180.00
2014,CHESHIRE,12210,$65146826.00,$5336.00
2014,CHESTER,1827,$7587065.00,$4153.00
2014,CLINTON,6189,$22247531.00,$3595.00
2014,COLCHESTER,7314,$24546856.00,$3356.00
2014,COLEBROOK,338,$1197311.00,$3542.00
2014,COLUMBIA,2575,$8768360.00,$3405.00
2014,CORNWALL,752,$3306771.00,$4397.00
2014,COVENTRY,5670,$18253339.00,$3219.00
2014,CROMWELL,6921,$27021855.00,$3904.00
2014,DANBURY,35481,$68757943.00,$1938.00
2014,DARIEN,8306,$192335456.00,$23156.00
2014,DEEP RIVER,2169,$9210127.00,$4246.00
2014,DERBY,5704,$11076210.00,$1942.00
2014,DURHAM,3322,$18688185.00,$5626.00
2014,EASTFORD ,697,$1782931.00,$2558.00
2014,EAST GRANBY ,2521,$9662857.00,$3833.00
2014,EAST HADDAM ,3693,$14861520.00,$4024.00
2014,EAST HAMPTON ,5989,$22508920.00,$3758.00
2014,EAST HARTFORD ,24031,$33383923.00,$1389.00
2014,EAST HAVEN ,13219,$28427517.00,$2151.00
2014,EAST LYME ,8153,$34744312.00,$4262.00
2014,EASTON ,3183,$33122221.00,$10406.00
2014,EAST WINDSOR ,5433,$12931298.00,$2380.00
2014,ELLINGTON,7443,$30260989.00,$4066.00
2014,ENFIELD,19468,$39359880.00,$2022.00
2014,ESSEX,3147,$20745589.00,$6592.00
2014,FAIRFIELD,24004,$201169692.00,$8381.00
2014,FARMINGTON,11964,$80523931.00,$6731.00
2014,FRANKLIN,907,$2627419.00,$2897.00
2014,GLASTONBURY,15557,$113769961.00,$7313.00
2014,GOSHEN,1345,$6918587.00,$5144.00
2014,GRANBY,4969,$24853187.00,$5002.00
2014,GREENWICH,26622,$721738052.00,$27111.00
2014,GRISWOLD,5453,$10500047.00,$1926.00
2014,GROTON,11213,$24896100.00,$2220.00
2014,GUILFORD,9894,$68733877.00,$6947.00
2014,HADDAM,3838,$15819427.00,$4122.00
2014,HAMDEN,24998,$74673173.00,$2987.00
2014,HAMPTON,1053,$3177741.00,$3018.00
2014,HARTFORD,47872,$46056856.00,$962.00
2014,HARTLAND,810,$2481032.00,$3063.00
2014,HARWINTON,2485,$9198275.00,$3702.00
2014,HEBRON,4140,$18915451.00,$4569.00
2014,KENT,1277,$4538790.00,$3554.00
2014,KILLINGLY,7598,$10966064.00,$1443.00
2014,KILLINGWORTH,2811,$14089735.00,$5012.00
2014,LEBANON,3179,$9203903.00,$2895.00
2014,LEDYARD,6586,$19083365.00,$2898.00
2014,LISBON,1631,$4222804.00,$2589.00
2014,LITCHFIELD,3790,$16908817.00,$4461.00
2014,LYME,938,$7031942.00,$7497.00
2014,MADISON,7984,$59997858.00,$7515.00
2014,MANCHESTER,27961,$65318457.00,$2336.00
2014,MANSFIELD,5449,$18397930.00,$3376.00
2014,MARLBOROUGH,2844,$13472373.00,$4737.00
2014,MERIDEN,26881,$50209704.00,$1868.00
2014,MIDDLEBURY,3383,$21039290.00,$6219.00
2014,MIDDLEFIELD,2036,$7590031.00,$3728.00
2014,MIDDLETOWN,20737,$54077052.00,$2608.00
2014,MILFORD,25595,$116711928.00,$4560.00
2014,MONROE,8693,$42543886.00,$4894.00
2014,MONTVILLE,8204,$18402686.00,$2243.00
2014,MORRIS,1030,$3749415.00,$3640.00
2014,NAUGATUCK,14239,$28842958.00,$2026.00
2014,NEW BRITAIN,30428,$35738362.00,$1175.00
2014,NEW CANAAN,8103,$217193006.00,$26804.00
2014,NEW FAIRFIELD,6047,$20119096.00,$3327.00
2014,NEW HARTFORD,3186,$12623531.00,$3962.00
2014,NEW HAVEN,48156,$81878330.00,$1700.00
2014,NEWINGTON ,15232,$40609285.00,$2666.00
2014,NEW LONDON ,10795,$13951484.00,$1292.00
2014,NEW MILFORD ,12687,$35246772.00,$2778.00
2014,NEWTOWN,11446,$69534772.00,$6075.00
2014,NORFOLK,725,$2479732.00,$3420.00
2014,NORTH BRANFORD,6750,$24740444.00,$3665.00
2014,NORTH CANAAN,365,$636360.00,$1743.00
2014,NORTH HAVEN,11563,$42335472.00,$3661.00
2014,NORTH STONINGTON,2359,$7270469.00,$3082.00
2014,NORWALK,40771,$149373852.00,$3664.00
2014,NORWICH,17253,$26209636.00,$1519.00
2014,OLD LYME,3645,$25448999.00,$6982.00
2014,OLD SAYBROOK,4963,$23063481.00,$4647.00
2014,ORANGE,6466,$37021167.00,$5726.00
2014,OXFORD,5578,$22929091.00,$4111.00
2014,PLAINFIELD,6409,$10094496.00,$1575.00
2014,PLAINVILLE,8601,$19417770.00,$2258.00
2014,PLYMOUTH,5663,$12917776.00,$2281.00
2014,POMFRET,1838,$6154371.00,$3348.00
2014,PORTLAND,4413,$16414283.00,$3720.00
2014,PRESTON,2085,$5305969.00,$2545.00
2014,PROSPECT,4446,$14651421.00,$3295.00
2014,PUTNAM,3953,$5220775.00,$1321.00
2014,REDDING,3965,$35896194.00,$9053.00
2014,RIDGEFIELD,10079,$101548648.00,$10075.00
2014,ROCKY HILL,9704,$35180477.00,$3625.00
2014,ROXBURY,999,$7880053.00,$7888.00
2014,SALEM,1891,$7727025.00,$4086.00
2014,SALISBURY,1646,$6929884.00,$4210.00
2014,SCOTLAND,346,$754674.00,$2181.00
2014,SEYMOUR,7706,$20762505.00,$2694.00
2014,SHARON,1029,$8724221.00,$8478.00
2014,SHELTON,18890,$65291424.00,$3456.00
2014,SHERMAN,1628,$6752179.00,$4148.00
2014,SIMSBURY,10515,$79850485.00,$7594.00
2014,SOMERS,4351,$16916613.00,$3888.00
2014,SOUTHBURY ,8952,$39022616.00,$4359.00
2014,SOUTHINGTON ,20119,$70228155.00,$3491.00
2014,SOUTH WINDSOR ,12076,$52552627.00,$4352.00
2014,SPRAGUE,1442,$2892419.00,$2006.00
2014,STAFFORD,5455,$11931784.00,$2187.00
2014,STAMFORD,59719,$308365619.00,$5164.00
2014,STERLING,1406,$2348555.00,$1670.00
2014,STONINGTON,12428,$49770731.00,$4005.00
2014,STRATFORD,24512,$59806234.00,$2440.00
2014,SUFFIELD,6159,$28120014.00,$4566.00
2014,THOMASTON,3619,$8862242.00,$2449.00
2014,THOMPSON,4142,$5113974.00,$1235.00
2014,TOLLAND,6579,$30769410.00,$4677.00
2014,TORRINGTON,15895,$28879823.00,$1817.00
2014,TRUMBULL,15659,$77571991.00,$4954.00
2014,UNION,287,$951185.00,$3314.00
2014,VERNON,14244,$34203421.00,$2401.00
2014,VOLUNTOWN,1157,$2405339.00,$2079.00
2014,WALLINGFORD,21445,$66993438.00,$3124.00
2014,WARREN,400,$1699060.00,$4248.00
2014,WASHINGTON,1785,$14006976.00,$7847.00
2014,WATERBURY,45278,$51242874.00,$1132.00
2014,WATERFORD,9460,$30362416.00,$3210.00
2014,WATERTOWN,10311,$30829969.00,$2990.00
2014,WESTBROOK ,3217,$11927579.00,$3708.00
2014,WEST HARTFORD ,28107,$164424754.00,$5850.00
2014,WEST HAVEN ,23954,$39297710.00,$1641.00
2014,WESTON,4072,$61810992.00,$15180.00
2014,WESTPORT,11477,$216319916.00,$18848.00
2014,WETHERSFIELD,12947,$44021645.00,$3400.00
2014,WILLINGTON,2662,$7961201.00,$2991.00
2014,WILTON,7440,$103618053.00,$13927.00
2014,WINCHESTER,5090,$9746031.00,$1915.00
2014,WINDHAM,9263,$11762173.00,$1270.00
2014,WINDSOR,14438,$37828594.00,$2620.00
2014,WINDSOR LOCKS,6349,$13005291.00,$2048.00
2014,WOLCOTT,7564,$21601209.00,$2856.00
2014,WOODBRIDGE,4113,$55433572.00,$13478.00
2014,WOODBURY,4528,$21289880.00,$4702.00
2014,WOODSTOCK,3543,$9794381.00,$2764.00
2013,ANDOVER,1505,$5073858.00,$3371.00
2013,ANSONIA,8353,$13355920.00,$1599.00
2013,ASHFORD,2009,$4971720.00,$2475.00
2013,AVON,8330,$78813288.00,$9461.00
2013,BARKHAMSTED,1799,$5112541.00,$2842.00
2013,BEACON FALLS,2760,$7341967.00,$2660.00
2013,BERLIN,9794,$34282274.00,$3500.00
2013,BETHANY,2426,$13493338.00,$5562.00
2013,BETHEL,8467,$24200421.00,$2858.00
2013,BETHLEHEM,1660,$5507112.00,$3318.00
2013,BLOOMFIELD,10476,$31555058.00,$3012.00
2013,BOLTON,2261,$9371529.00,$4145.00
2013,BOZRAH,1188,$3090105.00,$2601.00
2013,BRANFORD,13900,$52444195.00,$3773.00
2013,BRIDGEPORT,57580,$54003743.00,$938.00
2013,BRIDGEWATER,774,$4562830.00,$5895.00
2013,BRISTOL,27756,$58941009.00,$2124.00
2013,BROOKFIELD,7628,$29937263.00,$3925.00
2013,BROOKLYN,3352,$7175443.00,$2141.00
2013,BURLINGTON,4104,$21192987.00,$5164.00
2013,CANAAN,1740,$3058395.00,$1758.00
2013,CANTERBURY,2277,$4847871.00,$2129.00
2013,CANTON,4590,$23832224.00,$5192.00
2013,CHAPLIN,987,$1948447.00,$1974.00
2013,CHESHIRE,12021,$61447469.00,$5112.00
2013,CHESTER,1756,$8068065.00,$4595.00
2013,CLINTON,6151,$19317089.00,$3140.00
2013,COLCHESTER,7215,$23441702.00,$3249.00
2013,COLEBROOK,346,$1222405.00,$3533.00
2013,COLUMBIA,2553,$8310472.00,$3255.00
2013,CORNWALL,721,$2542488.00,$3526.00
2013,COVENTRY,5645,$17878127.00,$3167.00
2013,CROMWELL,6859,$25363268.00,$3698.00
2013,DANBURY,34710,$65437507.00,$1885.00
2013,DARIEN,8052,$163498104.00,$20305.00
2013,DEEP RIVER,2117,$7717291.00,$3645.00
2013,DERBY,5700,$10662759.00,$1871.00
2013,DURHAM,3285,$17807577.00,$5421.00
2013,EASTFORD ,673,$1742814.00,$2590.00
2013,EAST GRANBY ,2488,$9410951.00,$3783.00
2013,EAST HADDAM ,3652,$12757856.00,$3493.00
2013,EAST HAMPTON ,5964,$21145876.00,$3546.00
2013,EAST HARTFORD ,23433,$31909217.00,$1362.00
2013,EAST HAVEN ,13149,$27361293.00,$2081.00
2013,EAST LYME ,8092,$30657830.00,$3789.00
2013,EASTON ,3158,$28346367.00,$8976.00
2013,EAST WINDSOR ,5416,$12418304.00,$2293.00
2013,ELLINGTON,7273,$26283209.00,$3614.00
2013,ENFIELD,19401,$37348020.00,$1925.00
2013,ESSEX,3132,$19279084.00,$6156.00
2013,FAIRFIELD,23967,$183419529.00,$7653.00
2013,FARMINGTON,11776,$76224575.00,$6473.00
2013,FRANKLIN,871,$2531987.00,$2907.00
2013,GLASTONBURY,15423,$104266709.00,$6760.00
2013,GOSHEN,1306,$5664893.00,$4338.00
2013,GRANBY,4952,$23804678.00,$4807.00
2013,GREENWICH,26551,$642773992.00,$24209.00
2013,GRISWOLD,5378,$9847277.00,$1831.00
2013,GROTON,10947,$23456819.00,$2143.00
2013,GUILFORD,9790,$62867666.00,$6422.00
2013,HADDAM,3863,$15017104.00,$3887.00
2013,HAMDEN,24895,$71165946.00,$2859.00
2013,HAMPTON,1058,$2511713.00,$2374.00
2013,HARTFORD,47559,$42931306.00,$903.00
2013,HARTLAND,782,$2378215.00,$3041.00
2013,HARWINTON,2456,$8771243.00,$3571.00
2013,HEBRON,4112,$18078394.00,$4396.00
2013,KENT,1275,$3687338.00,$2892.00
2013,KILLINGLY,7498,$10877419.00,$1451.00
2013,KILLINGWORTH,2764,$13256081.00,$4796.00
2013,LEBANON,3143,$8598164.00,$2736.00
2013,LEDYARD,6655,$17754591.00,$2668.00
2013,LISBON,1631,$3939789.00,$2416.00
2013,LITCHFIELD,3771,$14893728.00,$3950.00
2013,LYME,943,$6513275.00,$6907.00
2013,MADISON,7811,$52856415.00,$6767.00
2013,MANCHESTER,27606,$62152790.00,$2251.00
2013,MANSFIELD,5361,$17570762.00,$3278.00
2013,MARLBOROUGH,2754,$12466975.00,$4527.00
2013,MERIDEN,26513,$45769891.00,$1726.00
2013,MIDDLEBURY,3330,$18873739.00,$5668.00
2013,MIDDLEFIELD,2037,$7060411.00,$3466.00
2013,MIDDLETOWN,20489,$51669551.00,$2522.00
2013,MILFORD,25244,$112490176.00,$4456.00
2013,MONROE,8564,$40319662.00,$4708.00
2013,MONTVILLE,8143,$17023568.00,$2091.00
2013,MORRIS,1038,$3592559.00,$3461.00
2013,NAUGATUCK,14099,$27567155.00,$1955.00
2013,NEW BRITAIN,29970,$34591870.00,$1154.00
2013,NEW CANAAN,8128,$201245362.00,$24760.00
2013,NEW FAIRFIELD,5945,$18475358.00,$3108.00
2013,NEW HARTFORD,3162,$11725215.00,$3708.00
2013,NEW HAVEN,48136,$79097584.00,$1643.00
2013,NEWINGTON ,15090,$38614547.00,$2559.00
2013,NEW LONDON ,10567,$12994105.00,$1230.00
2013,NEW MILFORD ,12526,$32833712.00,$2621.00
2013,NEWTOWN,11318,$64080392.00,$5662.00
2013,NORFOLK,730,$2414898.00,$3308.00
2013,NORTH BRANFORD,6812,$21740252.00,$3191.00
2013,NORTH CANAAN,346,$571090.00,$1651.00
2013,NORTH HAVEN,11400,$39894271.00,$3499.00
2013,NORTH STONINGTON,2355,$6907052.00,$2933.00
2013,NORWALK,40307,$133290002.00,$3307.00
2013,NORWICH,17105,$24804212.00,$1450.00
2013,OLD LYME,3634,$22019557.00,$6059.00
2013,OLD SAYBROOK,4953,$20505111.00,$4140.00
2013,ORANGE,6365,$35380542.00,$5559.00
2013,OXFORD,5516,$21595530.00,$3915.00
2013,PLAINFIELD,6337,$9473239.00,$1495.00
2013,PLAINVILLE,8540,$18344523.00,$2148.00
2013,PLYMOUTH,5572,$12087409.00,$2169.00
2013,POMFRET,1826,$5814003.00,$3184.00
2013,PORTLAND,4357,$15394000.00,$3533.00
2013,PRESTON,2051,$5246494.00,$2558.00
2013,PROSPECT,4375,$13629566.00,$3115.00
2013,PUTNAM,3962,$5038203.00,$1272.00
2013,REDDING,3929,$32629717.00,$8305.00
2013,RIDGEFIELD,9918,$97291916.00,$9810.00
2013,ROCKY HILL,9577,$33286824.00,$3476.00
2013,ROXBURY,978,$7118094.00,$7278.00
2013,SALEM,1882,$7540694.00,$4007.00
2013,SALISBURY,1662,$6410648.00,$3857.00
2013,SCOTLAND,349,$727309.00,$2084.00
2013,SEYMOUR,7612,$19961083.00,$2622.00
2013,SHARON,1027,$6800787.00,$6622.00
2013,SHELTON,18754,$61844602.00,$3298.00
2013,SHERMAN,1579,$6131813.00,$3883.00
2013,SIMSBURY,10425,$73996992.00,$7098.00
2013,SOMERS,4312,$16359086.00,$3794.00
2013,SOUTHBURY ,8812,$36994453.00,$4198.00
2013,SOUTHINGTON ,19751,$65814284.00,$3332.00
2013,SOUTH WINDSOR ,11932,$48513827.00,$4066.00
2013,SPRAGUE,1477,$2831104.00,$1917.00
2013,STAFFORD,5398,$10995921.00,$2037.00
2013,STAMFORD,58528,$297769493.00,$5088.00
2013,STERLING,1373,$2154129.00,$1569.00
2013,STONINGTON,12376,$47043707.00,$3801.00
2013,STRATFORD,24077,$57143205.00,$2373.00
2013,SUFFIELD,6135,$25921844.00,$4225.00
2013,THOMASTON,3605,$8577855.00,$2379.00
2013,THOMPSON,4051,$4680507.00,$1155.00
2013,TOLLAND,6603,$28842036.00,$4368.00
2013,TORRINGTON,15855,$28327770.00,$1787.00
2013,TRUMBULL,15420,$71776938.00,$4655.00
2013,UNION,284,$866412.00,$3051.00
2013,VERNON,13971,$32549753.00,$2330.00
2013,VOLUNTOWN,1164,$2253362.00,$1936.00
2013,WALLINGFORD,21279,$63882053.00,$3002.00
2013,WARREN,407,$1709673.00,$4201.00
2013,WASHINGTON,1811,$12195107.00,$6734.00
2013,WATERBURY,45088,$50057070.00,$1110.00
2013,WATERFORD,9303,$28417588.00,$3055.00
2013,WATERTOWN,10194,$29268372.00,$2871.00
2013,WESTBROOK ,3145,$10878195.00,$3459.00
2013,WEST HARTFORD ,27995,$156495123.00,$5590.00
2013,WEST HAVEN ,23766,$37495748.00,$1578.00
2013,WESTON,3893,$60544120.00,$15552.00
2013,WESTPORT,11403,$179945528.00,$15781.00
2013,WETHERSFIELD,12873,$41186054.00,$3199.00
2013,WILLINGTON,2597,$7232020.00,$2785.00
2013,WILTON,7272,$90087767.00,$12388.00
2013,WINCHESTER,5004,$9315477.00,$1862.00
2013,WINDHAM,9169,$10999384.00,$1200.00
2013,WINDSOR,14292,$36867688.00,$2580.00
2013,WINDSOR LOCKS,6254,$12438011.00,$1989.00
2013,WOLCOTT,7446,$20625005.00,$2770.00
2013,WOODBRIDGE,4055,$44255292.00,$10914.00
2013,WOODBURY,4489,$20127265.00,$4484.00
2013,WOODSTOCK,3514,$9069052.00,$2581.00
2012,ANDOVER,1510,$4768776.00,$3158.00
2012,ANSONIA,8299,$13233519.00,$1595.00
2012,ASHFORD,1992,$5102877.00,$2562.00
2012,AVON,8105,$81247716.00,$10024.00
2012,BARKHAMSTED,1640,$4897122.00,$2986.00
2012,BEACON FALLS,2716,$7047592.00,$2595.00
2012,BERLIN,9573,$33726360.00,$3523.00
2012,BETHANY,2479,$13671128.00,$5515.00
2012,BETHEL,8288,$23571112.00,$2844.00
2012,BETHLEHEM,1670,$5298158.00,$3173.00
2012,BLOOMFIELD,10313,$31838693.00,$3087.00
2012,BOLTON,2342,$9544326.00,$4075.00
2012,BOZRAH,1178,$2966667.00,$2518.00
2012,BRANFORD,13778,$51609249.00,$3746.00
2012,BRIDGEPORT,56838,$54067580.00,$951.00
2012,BRIDGEWATER,813,$5182096.00,$6374.00
2012,BRISTOL,27400,$57413248.00,$2095.00
2012,BROOKFIELD,7502,$28976267.00,$3862.00
2012,BROOKLYN,3250,$6866820.00,$2113.00
2012,BURLINGTON,4108,$20163715.00,$4908.00
2012,CANAAN,1793,$3183401.00,$1775.00
2012,CANTERBURY,2270,$4657508.00,$2052.00
2012,CANTON,4533,$23843392.00,$5260.00
2012,CHAPLIN,1001,$1949323.00,$1947.00
2012,CHESHIRE,11799,$65589129.00,$5559.00
2012,CHESTER,1764,$7169089.00,$4064.00
2012,CLINTON,6111,$18977909.00,$3106.00
2012,COLCHESTER,7124,$22732771.00,$3191.00
2012,COLEBROOK,285,$1116220.00,$3917.00
2012,COLUMBIA,2524,$8643606.00,$3425.00
2012,CORNWALL,684,$2980826.00,$4358.00
2012,COVENTRY,5540,$16758708.00,$3025.00
2012,CROMWELL,6795,$24747792.00,$3642.00
2012,DANBURY,33729,$64011384.00,$1898.00
2012,DARIEN,8132,$160005372.00,$19676.00
2012,DEEP RIVER,2148,$8067720.00,$3756.00
2012,DERBY,5623,$10478924.00,$1864.00
2012,DURHAM,3268,$16906106.00,$5173.00
2012,EASTFORD ,647,$1626224.00,$2513.00
2012,EAST GRANBY ,2427,$9097680.00,$3749.00
2012,EAST HADDAM ,3646,$12620273.00,$3461.00
2012,EAST HAMPTON ,5957,$21731458.00,$3648.00
2012,EAST HARTFORD ,23440,$31619392.00,$1349.00
2012,EAST HAVEN ,13082,$27685242.00,$2116.00
2012,EAST LYME ,8018,$29914564.00,$3731.00
2012,EASTON ,3155,$32462244.00,$10289.00
2012,EAST WINDSOR ,5359,$12098468.00,$2258.00
2012,ELLINGTON,7056,$26170411.00,$3709.00
2012,ENFIELD,19042,$36681592.00,$1926.00
2012,ESSEX,3181,$19890865.00,$6253.00
2012,FAIRFIELD,23937,$188514551.00,$7875.00
2012,FARMINGTON,11606,$77418046.00,$6671.00
2012,FRANKLIN,905,$2588987.00,$2861.00
2012,GLASTONBURY,15297,$104503025.00,$6832.00
2012,GOSHEN,1331,$5321871.00,$3998.00
2012,GRANBY,4880,$23700315.00,$4857.00
2012,GREENWICH,26816,$847304166.00,$31597.00
2012,GRISWOLD,5693,$10609506.00,$1864.00
2012,GROTON,10640,$22387198.00,$2104.00
2012,GUILFORD,9774,$67865204.00,$6943.00
2012,HADDAM,3765,$14599699.00,$3878.00
2012,HAMDEN,24891,$70817483.00,$2845.00
2012,HAMPTON,1095,$3001390.00,$2741.00
2012,HARTFORD,47054,$43496449.00,$924.00
2012,HARTLAND,756,$2247378.00,$2973.00
2012,HARWINTON,2488,$8988797.00,$3613.00
2012,HEBRON,4126,$18440153.00,$4469.00
2012,KENT,1303,$7554274.00,$5798.00
2012,KILLINGLY,7484,$10507462.00,$1404.00
2012,KILLINGWORTH,2826,$13317809.00,$4713.00
2012,LEBANON,3194,$8365738.00,$2619.00
2012,LEDYARD,6623,$17834593.00,$2693.00
2012,LISBON,1449,$3178967.00,$2194.00
2012,LITCHFIELD,3761,$16768789.00,$4459.00
2012,LYME,728,$6732911.00,$9249.00
2012,MADISON,7945,$54154888.00,$6816.00
2012,MANCHESTER,27009,$60461116.00,$2239.00
2012,MANSFIELD,5589,$17646007.00,$3157.00
2012,MARLBOROUGH,2800,$12652328.00,$4519.00
2012,MERIDEN,26269,$44927419.00,$1710.00
2012,MIDDLEBURY,3393,$20486261.00,$6038.00
2012,MIDDLEFIELD,2006,$6809485.00,$3395.00
2012,MIDDLETOWN,19812,$49466152.00,$2497.00
2012,MILFORD,24965,$109071166.00,$4369.00
2012,MONROE,8506,$39115632.00,$4599.00
2012,MONTVILLE,8091,$16630264.00,$2055.00
2012,MORRIS,1027,$3471748.00,$3380.00
2012,NAUGATUCK,14014,$27183794.00,$1940.00
2012,NEW BRITAIN,29484,$34925616.00,$1185.00
2012,NEW CANAAN,8307,$204718657.00,$24644.00
2012,NEW FAIRFIELD,6025,$17752185.00,$2946.00
2012,NEW HARTFORD,3149,$12441619.00,$3951.00
2012,NEW HAVEN,46059,$77853166.00,$1690.00
2012,NEWINGTON ,14740,$38093181.00,$2584.00
2012,NEW LONDON ,10439,$13032833.00,$1248.00
2012,NEW MILFORD ,12369,$33321496.00,$2694.00
2012,NEWTOWN,11377,$67997692.00,$5977.00
2012,NORFOLK,744,$2537278.00,$3410.00
2012,NORTH BRANFORD,6824,$21738017.00,$3186.00
2012,NORTH CANAAN,255,$398978.00,$1565.00
2012,NORTH HAVEN,11300,$40722764.00,$3604.00
2012,NORTH STONINGTON,2370,$6727481.00,$2839.00
2012,NORWALK,39428,$125117055.00,$3173.00
2012,NORWICH,17081,$24769384.00,$1450.00
2012,OLD LYME,3911,$29460924.00,$7533.00
2012,OLD SAYBROOK,4909,$20249901.00,$4125.00
2012,ORANGE,6378,$34388711.00,$5392.00
2012,OXFORD,5614,$21825014.00,$3888.00
2012,PLAINFIELD,6305,$9077733.00,$1440.00
2012,PLAINVILLE,8517,$17968847.00,$2110.00
2012,PLYMOUTH,5538,$11847882.00,$2139.00
2012,POMFRET,1853,$5966115.00,$3220.00
2012,PORTLAND,4295,$15246951.00,$3550.00
2012,PRESTON,2101,$5298336.00,$2522.00
2012,PROSPECT,4390,$13346417.00,$3040.00
2012,PUTNAM,3879,$4940917.00,$1274.00
2012,REDDING,3970,$41645321.00,$10490.00
2012,RIDGEFIELD,9921,$110620229.00,$11150.00
2012,ROCKY HILL,9498,$32614174.00,$3434.00
2012,ROXBURY,989,$6432076.00,$6504.00
2012,SALEM,1838,$7310473.00,$3977.00
2012,SALISBURY,1684,$7370430.00,$4377.00
2012,SCOTLAND,329,$589658.00,$1792.00
2012,SEYMOUR,7460,$19010453.00,$2548.00
2012,SHARON,1036,$5791440.00,$5590.00
2012,SHELTON,18391,$60394146.00,$3284.00
2012,SHERMAN,1657,$6604167.00,$3986.00
2012,SIMSBURY,10169,$73190206.00,$7197.00
2012,SOMERS,4266,$17212881.00,$4035.00
2012,SOUTHBURY ,8858,$37643664.00,$4250.00
2012,SOUTHINGTON ,19655,$64827034.00,$3298.00
2012,SOUTH WINDSOR ,11943,$48233187.00,$4039.00
2012,SPRAGUE,1474,$2702238.00,$1833.00
2012,STAFFORD,1486,$2618408.00,$1762.00
2012,STAMFORD,57097,$246051956.00,$4309.00
2012,STERLING,1346,$1981860.00,$1472.00
2012,STONINGTON,12203,$45798804.00,$3753.00
2012,STRATFORD,23864,$56079318.00,$2350.00
2012,SUFFIELD,6088,$26068929.00,$4282.00
2012,THOMASTON,3576,$8251653.00,$2308.00
2012,THOMPSON,4057,$6243033.00,$1539.00
2012,TOLLAND,6353,$28824989.00,$4537.00
2012,TORRINGTON,15673,$28746190.00,$1834.00
2012,TRUMBULL,15567,$73841157.00,$4743.00
2012,UNION,289,$745680.00,$2580.00
2012,VERNON,14045,$32162959.00,$2290.00
2012,VOLUNTOWN,1186,$2245631.00,$1893.00
2012,WALLINGFORD,20878,$63872050.00,$3059.00
2012,WARREN,354,$983522.00,$2778.00
2012,WASHINGTON,1884,$14207841.00,$7541.00
2012,WATERBURY,44189,$50155418.00,$1135.00
2012,WATERFORD,9313,$28217252.00,$3030.00
2012,WATERTOWN,10064,$28474533.00,$2829.00
2012,WESTBROOK ,3166,$10776221.00,$3404.00
2012,WEST HARTFORD ,27627,$156441031.00,$5663.00
2012,WEST HAVEN ,23643,$37756508.00,$1597.00
2012,WESTON,4069,$63253732.00,$15545.00
2012,WESTPORT,11820,$216187490.00,$18290.00
2012,WETHERSFIELD,12873,$42178883.00,$3277.00
2012,WILLINGTON,2570,$7236084.00,$2816.00
2012,WILTON,7358,$99741375.00,$13556.00
2012,WINCHESTER,5238,$9660143.00,$1844.00
2012,WINDHAM,8996,$10989525.00,$1222.00
2012,WINDSOR,13989,$36657045.00,$2620.00
2012,WINDSOR LOCKS,6189,$12016566.00,$1942.00
2012,WOLCOTT,7533,$19934078.00,$2646.00
2012,WOODBRIDGE,4119,$42457830.00,$10308.00
2012,WOODBURY,4544,$21498566.00,$4731.00
2012,WOODSTOCK,3470,$9119980.00,$2628.00
2011,ANDOVER,1491,$4606400.00,$3089.00
2011,ANSONIA,8229,$12859369.00,$1563.00
2011,ASHFORD,1995,$4921563.00,$2467.00
2011,AVON,7984,$72302384.00,$9056.00
2011,BARKHAMSTED,1796,$7035596.00,$3917.00
2011,BEACON FALLS,2689,$6830314.00,$2540.00
2011,BERLIN,9451,$31448702.00,$3328.00
2011,BETHANY,2447,$12990194.00,$5309.00
2011,BETHEL,8189,$22736846.00,$2777.00
2011,BETHLEHEM,1618,$4924307.00,$3043.00
2011,BLOOMFIELD,10322,$29158464.00,$2825.00
2011,BOLTON,2343,$8970370.00,$3829.00
2011,BOZRAH,1144,$2861694.00,$2501.00
2011,BRANFORD,13599,$51614022.00,$3795.00
2011,BRIDGEPORT,56379,$51904762.00,$921.00
2011,BRIDGEWATER,773,$4583023.00,$5929.00
2011,BRISTOL,27309,$56025216.00,$2052.00
2011,BROOKFIELD,7420,$26980986.00,$3636.00
2011,BROOKLYN,3245,$6794955.00,$2094.00
2011,BURLINGTON,4057,$18446848.00,$4547.00
2011,CANAAN,1805,$3869201.00,$2144.00
2011,CANTERBURY,2278,$4569592.00,$2006.00
2011,CANTON,4487,$21998820.00,$4903.00
2011,CHAPLIN,1014,$1935421.00,$1909.00
2011,CHESHIRE,11720,$60675031.00,$5177.00
2011,CHESTER,1719,$6006533.00,$3494.00
2011,CLINTON,6044,$18218929.00,$3014.00
2011,COLCHESTER,7089,$22425528.00,$3163.00
2011,COLEBROOK,289,$1039788.00,$3598.00
2011,COLUMBIA,2538,$8166912.00,$3218.00
2011,CORNWALL,701,$2625292.00,$3745.00
2011,COVENTRY,5541,$16266228.00,$2936.00
2011,CROMWELL,6736,$23689748.00,$3517.00
2011,DANBURY,32974,$62536655.00,$1897.00
2011,DARIEN,7849,$139855074.00,$17818.00
2011,DEEP RIVER,2117,$6914198.00,$3266.00
2011,DERBY,5596,$10090165.00,$1803.00
2011,DURHAM,3211,$15373835.00,$4788.00
2011,EASTFORD,664,$1654664.00,$2492.00
2011,EAST GRANBY,2381,$8501123.00,$3570.00
2011,EAST HADDAM,3584,$11805373.00,$3294.00
2011,EAST HAMPTON,5927,$20195372.00,$3407.00
2011,EAST HARTFORD,23466,$30864226.00,$1315.00
2011,EAST HAVEN,13057,$25922824.00,$1985.00
2011,EAST LYME,8028,$28932185.00,$3604.00
2011,EASTON,3049,$31136949.00,$10212.00
2011,EAST WINDSOR,5322,$11487864.00,$2159.00
2011,ELLINGTON,7024,$23259797.00,$3311.00
2011,ENFIELD,19111,$35634721.00,$1865.00
2011,ESSEX,3127,$18024583.00,$5764.00
2011,FAIRFIELD,23179,$160086528.00,$6907.00
2011,FARMINGTON,11682,$72706859.00,$6224.00
2011,FRANKLIN,865,$2336584.00,$2701.00
2011,GLASTONBURY,15078,$92421407.00,$6130.00
2011,GOSHEN,1281,$4524907.00,$3532.00
2011,GRANBY,4881,$21614401.00,$4428.00
2011,GREENWICH,25611,$619906088.00,$24205.00
2011,GRISWOLD,5536,$9673328.00,$1747.00
2011,GROTON,10729,$22121226.00,$2062.00
2011,GUILFORD,9667,$56590473.00,$5854.00
2011,HADDAM,3708,$13672495.00,$3687.00
2011,HAMDEN,24938,$69450228.00,$2785.00
2011,HAMPTON,1087,$2521573.00,$2320.00
2011,HARTFORD,47192,$42196083.00,$894.00
2011,HARTLAND,743,$2105074.00,$2833.00
2011,HARWINTON,2484,$9016028.00,$3630.00
2011,HEBRON,4062,$16386676.00,$4034.00
2011,KENT,1246,$4182976.00,$3357.00
2011,KILLINGLY,7528,$10080811.00,$1339.00
2011,KILLINGWORTH,2833,$11995689.00,$4234.00
2011,LEBANON,3185,$8113661.00,$2547.00
2011,LEDYARD,6547,$17222850.00,$2631.00
2011,LISBON,1612,$3916820.00,$2430.00
2011,LITCHFIELD,3666,$15515941.00,$4232.00
2011,LYME,917,$5380528.00,$5868.00
2011,MADISON,7797,$51852741.00,$6650.00
2011,MANCHESTER,26921,$57957464.00,$2153.00
2011,MANSFIELD,5460,$16769393.00,$3071.00
2011,MARLBOROUGH,2757,$11484152.00,$4165.00
2011,MERIDEN,26313,$44321345.00,$1684.00
2011,MIDDLEBURY,3342,$18115204.00,$5420.00
2011,MIDDLEFIELD,1979,$6619626.00,$3345.00
2011,MIDDLETOWN,20105,$48710544.00,$2423.00
2011,MILFORD,24874,$102797472.00,$4133.00
2011,MONROE,8418,$36368217.00,$4320.00
2011,MONTVILLE,8111,$16498744.00,$2034.00
2011,MORRIS,999,$3270008.00,$3273.00
2011,NAUGATUCK,14030,$26972130.00,$1922.00
2011,NEW BRITAIN,29407,$33036715.00,$1123.00
2011,NEW CANAAN,7852,$208802864.00,$26592.00
2011,NEW FAIRFIELD,5921,$17356122.00,$2931.00
2011,NEW HARTFORD,3095,$12386919.00,$4002.00
2011,NEW HAVEN,45589,$79085644.00,$1735.00
2011,NEWINGTON,14833,$36488946.00,$2460.00
2011,NEW LONDON,10432,$13288549.00,$1274.00
2011,NEW MILFORD,12173,$32030598.00,$2631.00
2011,NEWTOWN,11169,$60519969.00,$5419.00
2011,NORFOLK,768,$2402275.00,$3128.00
2011,NORTH BRANFORD,6729,$19977948.00,$2969.00
2011,NORTH CANAAN,261,$382365.00,$1465.00
2011,NORTH HAVEN,11169,$37227395.00,$3333.00
2011,NORTH STONINGTON,2338,$6614863.00,$2829.00
2011,NORWALK,38172,$122042409.00,$3197.00
2011,NORWICH,16984,$24508992.00,$1443.00
2011,OLD LYME,3629,$20340563.00,$5605.00
2011,OLD SAYBROOK,4865,$20490673.00,$4212.00
2011,ORANGE,6307,$35169415.00,$5576.00
2011,OXFORD,5518,$20459010.00,$3708.00
2011,PLAINFIELD,6248,$9179613.00,$1469.00
2011,PLAINVILLE,8567,$17296068.00,$2019.00
2011,PLYMOUTH,5585,$11450494.00,$2050.00
2011,POMFRET,1817,$5461126.00,$3006.00
2011,PORTLAND,4295,$14290027.00,$3327.00
2011,PRESTON,2085,$5061271.00,$2427.00
2011,PROSPECT,4274,$12836122.00,$3003.00
2011,PUTNAM,3876,$4976062.00,$1284.00
2011,REDDING,3863,$36590732.00,$9472.00
2011,RIDGEFIELD,9698,$102560062.00,$10575.00
2011,ROCKY HILL,9366,$31577010.00,$3371.00
2011,ROXBURY,994,$7391640.00,$7436.00
2011,SALEM,1841,$6941438.00,$3770.00
2011,SALISBURY,1581,$6167172.00,$3901.00
2011,SCOTLAND,328,$634655.00,$1935.00
2011,SEYMOUR,7385,$18421757.00,$2494.00
2011,SHARON,999,$6063872.00,$6070.00
2011,SHELTON,18060,$58718555.00,$3251.00
2011,SHERMAN,1598,$5915566.00,$3702.00
2011,SIMSBURY,9940,$69853404.00,$7028.00
2011,SOMERS,4211,$14878424.00,$3533.00
2011,SOUTHBURY,8705,$39307706.00,$4516.00
2011,SOUTHINGTON,19453,$62881981.00,$3233.00
2011,SOUTH WINDSOR,11848,$45772687.00,$3863.00
2011,SPRAGUE,1488,$2702655.00,$1816.00
2011,STAFFORD,5142,$10169710.00,$1978.00
2011,STAMFORD,55567,$228878512.00,$4119.00
2011,STERLING,1364,$2011462.00,$1475.00
2011,STONINGTON,12160,$42579553.00,$3502.00
2011,STRATFORD,23784,$53770482.00,$2261.00
2011,SUFFIELD,6020,$24438123.00,$4059.00
2011,THOMASTON,3547,$7869608.00,$2219.00
2011,THOMPSON,3993,$4446791.00,$1114.00
2011,TOLLAND,6366,$27234199.00,$4278.00
2011,TORRINGTON,15686,$27331254.00,$1742.00
2011,TRUMBULL,15352,$68557799.00,$4466.00
2011,UNION,341,$905978.00,$2657.00
2011,VERNON,13745,$32993113.00,$2400.00
2011,VOLUNTOWN,1198,$2358717.00,$1969.00
2011,WALLINGFORD,20699,$60321990.00,$2914.00
2011,WARREN,435,$1217479.00,$2799.00
2011,WASHINGTON,1876,$9184970.00,$4896.00
2011,WATERBURY,45141,$49759850.00,$1102.00
2011,WATERFORD,9249,$26952934.00,$2914.00
2011,WATERTOWN,9969,$27198700.00,$2728.00
2011,WESTBROOK,3131,$9544864.00,$3049.00
2011,WEST HARTFORD,27744,$137050991.00,$4940.00
2011,WEST HAVEN,23669,$36228841.00,$1531.00
2011,WESTON,3901,$57156637.00,$14652.00
2011,WESTPORT,11226,$204755753.00,$18239.00
2011,WETHERSFIELD,12827,$39124331.00,$3050.00
2011,WILLINGTON,2538,$6989329.00,$2754.00
2011,WILTON,7066,$91184650.00,$12905.00
2011,WINCHESTER,5238,$9606929.00,$1834.00
2011,WINDHAM,9190,$10694717.00,$1164.00
2011,WINDSOR,14067,$35769105.00,$2543.00
2011,WINDSOR LOCKS,6152,$11677351.00,$1898.00
2011,WOLCOTT,7406,$19329635.00,$2610.00
2011,WOODBRIDGE,3962,$36788864.00,$9285.00
2011,WOODBURY,4515,$20378218.00,$4513.00
2011,WOODSTOCK,3404,$8600367.00,$2527.00
